obs_file,encounter,hemisphere_orig,terrain_type,geo_unit_orig,n_pixels,delta_geo,delta_rad,delta_full,chaos_proximity,trailing_hemisphere,radiation_exposure,mean_dv_spec,std_dv_spec,mean_ood_dist,std_ood_dist,hemisphere,terrain,geo_unit,delta_geo_corrected,delta_rad_corrected,delta_full_corrected,ood_dist_corrected,ood_ratio_corrected,s_spec_corrected
e6e002ci.qub,E6,leading,chaos,chm,111,3.4727909780138475,0.1821405885251295,3.654931566538977,0.8,0.0,0.190795802321223,-142.20348821288428,3.296227335613103,150.30576616212608,0.6221207236810385,leading,chaos,chm,2.6428,0.6026,3.2455,1.1,11.6,0.9227
11e001ci.qub,E11,trailing,plains,pr,3431,-4.444786443612344,-2.3039754570323225,-6.748761900644666,0.1,1.0,0.8146601955249189,-142.73643918863843,9.786926629173516,138.1928489816174,7.304995706028932,trailing,plains,pr,-3.404,0.2913,-3.1126,1.12,11.8,0.1533
g2e002ci.qub,G2,trailing,chaos,chl,53,2.7859551944551413,-2.393404901907616,0.3925502925475541,0.75,1.0,0.9664767674127446,-139.17834402564955,4.616303102222379,148.87310078103565,1.1917876927177184,trailing,chaos,chl,2.1239,-0.3216,1.8023,0.81,8.6,0.9287
15e001ci.qub,E15,leading,plains,pr,865,-4.444786443612372,0.2836814604699214,-4.161104983142451,0.1,0.0,0.0184187166011709,-120.6096157636909,21.26465726891581,93.6534970889564,24.015463911107037,leading,plains,pr,-3.404,0.7248,-2.6791,2.14,22.7,0.0552
