val_pr_auc_spectral,val_roc_auc_spectral,val_pr_auc_full,val_roc_auc_full
0.34832815608777984,0.8153968645144168,0.5690339004354169,0.9044591571723758
