setting,class_vs,mean_target,mean_other,mean_delta,score_overlap_vs_ocean_organic
spectral_only,ocean_nonorganic,0.7729915836623703,0.48272046012067327,0.29027112354169704,0.5317102440088731
spectral_only,radiation_mimic,0.7729915836623703,0.11169899679256681,0.6612925868698035,0.17572589367425603
spectral_only,exogenic_complex_organic,0.7729915836623703,0.038791909102592996,0.7341996745597773,0.09381590913488516
spectral_only,noise_artifact,0.7729915836623703,0.15397226051909607,0.6190193231432742,0.2174760145310026
full,ocean_nonorganic,0.8372759422589405,0.4118764974610556,0.42539944479788494,0.40251463689588707
full,radiation_mimic,0.8372759422589405,0.03789131510527319,0.7993846271536673,0.08044454921101529
full,exogenic_complex_organic,0.8372759422589405,0.016434397099648192,0.8208415451592923,0.04353630928194113
full,noise_artifact,0.8372759422589405,0.0074718405197538,0.8298041017391867,0.021028037383177572
