setting,class_vs,score_overlap_vs_ocean_organic,mean_other,mean_target,mean_delta
spectral_only,ocean_nonorganic,0.32970289828721033,0.3368231842783462,0.8492733196803667,0.5124501354020206
spectral_only,radiation_mimic,0.07532793477356554,0.03553078001642011,0.8492733196803667,0.8137425396639466
spectral_only,exogenic_complex_organic,0.05160987596989221,0.015792589212205343,0.8492733196803667,0.8334807304681613
spectral_only,noise_artifact,0.14650541807681566,0.09638394056415135,0.8492733196803667,0.7528893791162153
full,ocean_nonorganic,0.2752281901160042,0.3035500973810158,0.8733060620123289,0.5697559646313131
full,radiation_mimic,0.048808896530685826,0.017410764719054683,0.8733060620123289,0.8558952972932742
full,exogenic_complex_organic,0.03031578336332501,0.008570135569423196,0.8733060620123289,0.8647359264429056
full,noise_artifact,0.04023193715651878,0.019051257906176722,0.8733060620123289,0.8542548041061522
