class,spec_mean,spec_top10,full_mean,full_top10,delta_top10
ocean_organic,0.8492733196803667,0.5373831775700935,0.8733060620123289,0.5537383177570093,0.016355140186915862
ocean_nonorganic,0.3368231842783462,0.017509727626459144,0.3035500973810158,0.005836575875486381,-0.011673151750972763
radiation_mimic,0.03553078001642011,0.0,0.017410764719054683,0.0,0.0
exogenic_complex_organic,0.015792589212205343,0.0,0.008570135569423196,0.0,0.0
noise_artifact,0.09638394056415135,0.0033222591362126247,0.019051257906176722,0.0,-0.0033222591362126247
