,chaos_proximity,lineament_proximity,ridge_proximity,activity_proxy,trailing_hemisphere,radiation_exposure,sulfur_proxy,rad_mimic_proxy
chaos_proximity,1.0,0.7827165774502184,0.7165859997049424,0.7406669310459305,-0.27965802450326915,-0.31152504187321317,-0.29193466886032543,-0.3893607694893902
lineament_proximity,0.7827165774502184,1.0,0.7111131390652886,0.7399186515829347,-0.2663622432741799,-0.3053115016443584,-0.28483283440168317,-0.38810105800102274
ridge_proximity,0.7165859997049424,0.7111131390652886,1.0,0.6859811713384537,-0.2669030784596018,-0.29956026496267135,-0.27914699778354846,-0.3609289333144186
activity_proxy,0.7406669310459305,0.7399186515829347,0.6859811713384537,1.0,-0.2680268590671203,-0.3029265291094447,-0.28073690744165347,-0.3699702714477343
trailing_hemisphere,-0.27965802450326915,-0.2663622432741799,-0.2669030784596018,-0.2680268590671203,1.0,0.8030831856174693,0.7878702084386378,0.32411523381756163
radiation_exposure,-0.31152504187321317,-0.3053115016443584,-0.29956026496267135,-0.3029265291094447,0.8030831856174693,1.0,0.768846869794127,0.41214153341471527
sulfur_proxy,-0.29193466886032543,-0.28483283440168317,-0.27914699778354846,-0.28073690744165347,0.7878702084386378,0.768846869794127,1.0,0.40320508826409956
rad_mimic_proxy,-0.3893607694893902,-0.38810105800102274,-0.3609289333144186,-0.3699702714477343,0.32411523381756163,0.41214153341471527,0.40320508826409956,1.0
