stage,wave_min_um,wave_max_um,n_bands,synth_internal_ood,mean_ood_dist,mean_ood_ratio,ood_dist_E6,ood_ratio_E6,ood_dist_E15,ood_ratio_E15,ood_dist_G2,ood_ratio_G2,ood_dist_E11,ood_ratio_E11
00_baseline,0.7,5.2,181,0.09054353321415934,5.496866866414399,60.7096565660101,6.091755254417072,67.27984838772103,4.411435856937941,48.72171044818873,6.0138681804351375,66.4196315355965,5.743286027733472,63.431211047594914
00_baseline,0.7,2.0,53,0.059237709971922584,1.2221658552009664,20.631551002709188,1.0260591769787086,17.321047017921387,2.200959541638507,37.15470273119964,0.6947495902436273,11.728164016548915,0.9898908230112073,16.710484027318248
01_ocean_salt_usgs_epsomite,0.7,5.2,181,0.10728905628750997,5.059490321994438,47.15756154363598,5.681723949776541,52.95716164744396,4.137559628878199,38.56460046797216,5.531301983825594,51.55513641063113,5.264502300655085,49.0683992734453
01_ocean_salt_usgs_epsomite,0.7,2.0,53,0.05563328897795648,0.8583131791605331,15.428049994897329,0.6504244362099185,11.691281181962013,1.904699023299837,34.23667778868612,0.3246758852712493,5.836000089153369,0.6094745524811838,10.955213195600605
