,ice,ocean_salt,simple_organic,tholin_pah,sulfuric_acid_hydrate,sulfur_so2,h2o2,rad_salt_proxy
ice,0.0,69.65922354748298,92.2136107552105,100.00691050666137,59.36712278866431,87.99525638827339,95.53430950335782,64.15728014884543
ocean_salt,69.65922354748298,0.0,82.01659997652266,57.0020223625009,22.652203983989885,127.88682269734957,50.69601256476245,11.162506859676535
simple_organic,92.2136107552105,82.01659997652266,1.2074182697257333e-06,71.06494875679337,82.2301081956242,90.5006800208862,75.41945344313126,81.96438321428063
tholin_pah,100.00691050666137,57.0020223625009,71.06494875679337,8.537736462515939e-07,62.814113197656454,120.02828479016509,67.84170766085536,59.247850907150124
sulfuric_acid_hydrate,59.36712278866431,22.652203983989885,82.2301081956242,62.814113197656454,8.537736462515939e-07,119.22086006520759,54.4767809292685,11.489697124313453
sulfur_so2,87.99525638827339,127.88682269734957,90.5006800208862,120.02828479016509,119.22086006520759,0.0,124.64261776107529,124.26353345931706
h2o2,95.53430950335782,50.69601256476245,75.41945344313126,67.84170766085536,54.4767809292685,124.64261776107529,0.0,51.70775882234957
rad_salt_proxy,64.15728014884543,11.162506859676535,81.96438321428063,59.247850907150124,11.489697124313453,124.26353345931706,51.70775882234957,0.0
