,ice,ocean_salt,simple_organic,tholin_pah,sulfuric_acid_hydrate,sulfur_so2,h2o2,rad_salt_proxy
ice,1.0,0.34760304359902866,-0.038625185398214495,-0.17376695514429746,0.509535239109889,0.03498223779143237,-0.0964417922788904,0.43590225786213443
ocean_salt,0.34760304359902866,1.0,0.13888619045333367,0.5446094322177473,0.9228596904185462,-0.6141037045223161,0.6334347256314239,0.9810820481430637
simple_organic,-0.038625185398214495,0.13888619045333367,1.0,0.32449613435053615,0.13519492846565115,-0.008738403649269382,0.2517407806834916,0.13978865454809222
tholin_pah,-0.17376695514429746,0.5446094322177473,0.32449613435053615,1.0,0.45687883058108764,-0.5004274635104095,0.3771667122359397,0.5113253209743125
sulfuric_acid_hydrate,0.509535239109889,0.9228596904185462,0.13519492846565115,0.45687883058108764,1.0,-0.48817743749238574,0.5810328277081822,0.979960538940913
sulfur_so2,0.03498223779143237,-0.6141037045223161,-0.008738403649269382,-0.5004274635104095,-0.48817743749238574,1.0,-0.5684558534115184,-0.5630001553224374
h2o2,-0.0964417922788904,0.6334347256314239,0.2517407806834916,0.3771667122359397,0.5810328277081822,-0.5684558534115184,1.0,0.6196727540540932
rad_salt_proxy,0.43590225786213443,0.9810820481430637,0.13978865454809222,0.5113253209743125,0.979960538940913,-0.5630001553224374,0.6196727540540932,1.0
