stage,wave_min_um,wave_max_um,n_bands,synth_internal_ood,mean_ood_dist,mean_ood_ratio,ood_dist_E6,ood_ratio_E6,ood_dist_E15,ood_ratio_E15,ood_dist_G2,ood_ratio_G2,ood_dist_E11,ood_ratio_E11
00_baseline,0.7,5.2,181,0.09054353321415934,5.496866866414399,60.7096565660101,6.091755254417072,67.27984838772103,4.411435856937941,48.72171044818873,6.0138681804351375,66.4196315355965,5.743286027733472,63.431211047594914
00_baseline,0.7,2.0,53,0.059237709971922584,1.2221658552009664,20.631551002709188,1.0260591769787086,17.321047017921387,2.200959541638507,37.15470273119964,0.6947495902436273,11.728164016548915,0.9898908230112073,16.710484027318248
01_sulfuric_acid_hydrate_hayesli_sao,0.7,5.2,181,0.09169783165107859,5.920458739934487,64.56487104185497,6.547361796805126,71.40148908119383,4.775586919171987,52.07960516737268,6.477022708038753,70.63441436707248,6.180216826596508,67.39763250580835
01_sulfuric_acid_hydrate_hayesli_sao,0.7,2.0,53,0.05784698983536449,1.2177339613857203,21.05094740107491,1.0244577454086736,17.709784564668766,2.1808798953828368,37.700835668180794,0.6980423613410893,12.067047071260005,0.9891930350867729,17.100164084629178
02_sulfuric_acid_hydrate_hayesli_sao_ocean_salt_usgs_epsomite,0.7,5.2,181,0.10618491110469117,5.06371498694022,47.68770710049407,5.681615455217993,53.50680565254227,4.161286542177812,39.18905670962993,5.522148127133491,52.005016698502565,5.264157043573974,49.5753769460568
02_sulfuric_acid_hydrate_hayesli_sao_ocean_salt_usgs_epsomite,0.7,2.0,53,0.05373691469140033,0.8785408530420334,16.348925905746185,0.6089151364679927,11.331412096013525,1.848516001816732,34.39936918658238,0.38342206871968404,7.1351707441043954,0.6503686718758104,12.102828446849076
03_sulfuric_acid_hydrate_hayesli_sao_ocean_salt_usgs_epsomite_tholin_pah_roush_dalton_tholin_100K,0.7,5.2,181,0.10452664403639397,5.025941895091238,48.08287775180492,5.657122096931858,54.12134001777411,4.107734544675429,39.298444365503194,5.477155462979954,52.39961027231787,5.230043916836288,50.03550927149051
03_sulfuric_acid_hydrate_hayesli_sao_ocean_salt_usgs_epsomite_tholin_pah_roush_dalton_tholin_100K,0.7,2.0,53,0.052671133493056174,0.8549843187856182,16.23250243258637,0.6415140144897462,12.17961262205809,1.8755109543705963,35.60794678948584,0.3625587556711654,6.883443069162728,0.6122090983953243,11.623237363076623
