,ice,ocean_salt,simple_organic,tholin_pah,sulfuric_acid_hydrate,sulfur_so2,h2o2,rad_salt_proxy
ice,8.537736462515939e-07,14.55589743921759,14.760919663029064,17.815104139734423,12.707420479377516,14.721009814560373,14.769225411087165,14.878056632913557
ocean_salt,14.55589743921759,0.0,9.902957623515274,8.701958041502722,4.9717105374550075,10.939673753867828,9.626930013340544,4.118948405381147
simple_organic,14.760919663029064,9.902957623515274,0.0,7.650787217330905,6.002158987461093,1.704638789019585,0.9237608200602574,13.349570928921272
tholin_pah,17.815104139734423,8.701958041502722,7.650787217330905,8.537736462515939e-07,7.422743480557667,8.709113860996165,7.688912028276923,11.562105472127591
sulfuric_acid_hydrate,12.707420479377516,4.9717105374550075,6.002158987461093,7.422743480557667,1.2074182697257333e-06,6.885071249260113,5.737494556385434,7.602682480042136
sulfur_so2,14.721009814560373,10.939673753867828,1.704638789019585,8.709113860996165,6.885071249260113,0.0,1.8503315508612195,14.31265512119791
h2o2,14.769225411087165,9.626930013340544,0.9237608200602574,7.688912028276923,5.737494556385434,1.8503315508612195,1.2074182697257333e-06,13.089773191014059
rad_salt_proxy,14.878056632913557,4.118948405381147,13.349570928921272,11.562105472127591,7.602682480042136,14.31265512119791,13.089773191014059,8.537736462515939e-07
